diagnosis,table,column,row,value,repair,extended_diagnosis,file_path,data_type,nullable
orcid error,so,contact_name,1,"Jose Gonzalez, Jesús Troncoso",,orcid 0000-0003-1576-9819 corresponds to person name Jose González,/github/workspace/logsheets/filtered/sediment_observatory.csv,XSDString,False
orcid error,wo,contact_name,1,Jose Gonzalez; Jesús Troncoso,,orcid 0000-0003-1576-9819 corresponds to person name Jose González,/github/workspace/logsheets/filtered/water_observatory.csv,XSDString,False
organization edmoid error,so,organization_edmoid,1,2163,https://edmo.seadatanet.org/report/2163,organization edmoid should be a list of URIs,/github/workspace/logsheets/filtered/sediment_observatory.csv,EMOBONList,False
organization edmoid error,wo,organization_edmoid,1,2163,https://edmo.seadatanet.org/report/2163,organization edmoid should be a list of URIs,/github/workspace/logsheets/filtered/water_observatory.csv,EMOBONList,False
source_mat_id error,ss,source_mat_id,1,EMOBON_EMT21_So_1,,source_mat_id should match ^EMOBON_EMT21_So_211020_macro_1$,/github/workspace/logsheets/filtered/sediment_sampling.csv,XSDString,False
source_mat_id error,ss,source_mat_id,2,EMOBON_EMT21_So_2,,source_mat_id should match ^EMOBON_EMT21_So_211020_macro_2$,/github/workspace/logsheets/filtered/sediment_sampling.csv,XSDString,False
source_mat_id error,ss,source_mat_id,3,EMOBON_EMT21_So_3,,source_mat_id should match ^EMOBON_EMT21_So_211020_macro_3$,/github/workspace/logsheets/filtered/sediment_sampling.csv,XSDString,False
source_mat_id error,ss,source_mat_id,4,EMOBON_EMT21_So_4,,source_mat_id should match ^EMOBON_EMT21_So_211020_macro_4$,/github/workspace/logsheets/filtered/sediment_sampling.csv,XSDString,False
source_mat_id error,ss,source_mat_id,5,EMOBON_EMT21_So_5,,source_mat_id should match ^EMOBON_EMT21_So_211020_macro_1$,/github/workspace/logsheets/filtered/sediment_sampling.csv,XSDString,False
source_mat_id error,ss,source_mat_id,6,EMOBON_EMT21_So_6,,source_mat_id should match ^EMOBON_EMT21_So_211020_macro_2$,/github/workspace/logsheets/filtered/sediment_sampling.csv,XSDString,False
source_mat_id error,ss,source_mat_id,7,EMOBON_EMT21_So_7,,source_mat_id should match ^EMOBON_EMT21_So_211020_macro_3$,/github/workspace/logsheets/filtered/sediment_sampling.csv,XSDString,False
source_mat_id error,ss,source_mat_id,8,EMOBON_EMT21_So_8,,source_mat_id should match ^EMOBON_EMT21_So_211020_macro_4$,/github/workspace/logsheets/filtered/sediment_sampling.csv,XSDString,False
source_mat_id error,ws,source_mat_id,1,EMOBON_EMT21_Wa_1,,source_mat_id should match ^EMOBON_EMT21_Wa_210825_200um_1$,/github/workspace/logsheets/filtered/water_sampling.csv,XSDString,False
source_mat_id error,ws,source_mat_id,2,EMOBON_EMT21_Wa_2,,source_mat_id should match ^EMOBON_EMT21_Wa_210825_200um_2$,/github/workspace/logsheets/filtered/water_sampling.csv,XSDString,False
source_mat_id error,ws,source_mat_id,3,EMOBON_EMT21_Wa_3,,source_mat_id should match ^EMOBON_EMT21_Wa_210825_200um_3$,/github/workspace/logsheets/filtered/water_sampling.csv,XSDString,False
source_mat_id error,ws,source_mat_id,4,EMOBON_EMT21_Wa_4,,source_mat_id should match ^EMOBON_EMT21_Wa_210825_200um_4$,/github/workspace/logsheets/filtered/water_sampling.csv,XSDString,False
source_mat_id error,ws,source_mat_id,5,EMOBON_EMT21_Wa_5,,source_mat_id should match ^EMOBON_EMT21_Wa_210825_200um_blank_1$,/github/workspace/logsheets/filtered/water_sampling.csv,XSDString,False
source_mat_id error,ws,source_mat_id,6,EMOBON_EMT21_Wa_6,,source_mat_id should match ^EMOBON_EMT21_Wa_210825_3um_1$,/github/workspace/logsheets/filtered/water_sampling.csv,XSDString,False
source_mat_id error,ws,source_mat_id,7,EMOBON_EMT21_Wa_7,,source_mat_id should match ^EMOBON_EMT21_Wa_210825_3um_2$,/github/workspace/logsheets/filtered/water_sampling.csv,XSDString,False
source_mat_id error,ws,source_mat_id,8,EMOBON_EMT21_Wa_8,,source_mat_id should match ^EMOBON_EMT21_Wa_210825_3um_3$,/github/workspace/logsheets/filtered/water_sampling.csv,XSDString,False
source_mat_id error,ws,source_mat_id,9,EMOBON_EMT21_Wa_9,,source_mat_id should match ^EMOBON_EMT21_Wa_210825_3um_4$,/github/workspace/logsheets/filtered/water_sampling.csv,XSDString,False
source_mat_id error,ws,source_mat_id,10,EMOBON_EMT21_Wa_10,,source_mat_id should match ^EMOBON_EMT21_Wa_210825_3um_blank_1$,/github/workspace/logsheets/filtered/water_sampling.csv,XSDString,False
source_mat_id error,ws,source_mat_id,11,EMOBON_EMT21_Wa_11,,source_mat_id should match ^EMOBON_EMT21_Wa_210825_NAum_1$,/github/workspace/logsheets/filtered/water_sampling.csv,XSDString,False
source_mat_id error,ws,source_mat_id,12,EMOBON_EMT21_Wa_12,,source_mat_id should match ^EMOBON_EMT21_Wa_210825_NAum_2$,/github/workspace/logsheets/filtered/water_sampling.csv,XSDString,False
source_mat_id error,ws,source_mat_id,13,EMOBON_EMT21_Wa_13,,source_mat_id should match ^EMOBON_EMT21_Wa_210825_NAum_3$,/github/workspace/logsheets/filtered/water_sampling.csv,XSDString,False
source_mat_id error,ws,source_mat_id,14,EMOBON_EMT21_Wa_14,,source_mat_id should match ^EMOBON_EMT21_Wa_210825_NAum_4$,/github/workspace/logsheets/filtered/water_sampling.csv,XSDString,False
source_mat_id error,ws,source_mat_id,15,EMOBON_EMT21_Wa_15,,source_mat_id should match ^EMOBON_EMT21_Wa_210825_NAum_blank_1$,/github/workspace/logsheets/filtered/water_sampling.csv,XSDString,False
source_mat_id error,ws,source_mat_id,16,EMOBON_EMT21_Wa_16,,source_mat_id should match ^EMOBON_EMT21_Wa_211020_200um_1$,/github/workspace/logsheets/filtered/water_sampling.csv,XSDString,False
source_mat_id error,ws,source_mat_id,17,EMOBON_EMT21_Wa_17,,source_mat_id should match ^EMOBON_EMT21_Wa_211020_200um_2$,/github/workspace/logsheets/filtered/water_sampling.csv,XSDString,False
source_mat_id error,ws,source_mat_id,18,EMOBON_EMT21_Wa_18,,source_mat_id should match ^EMOBON_EMT21_Wa_211020_200um_3$,/github/workspace/logsheets/filtered/water_sampling.csv,XSDString,False
source_mat_id error,ws,source_mat_id,19,EMOBON_EMT21_Wa_19,,source_mat_id should match ^EMOBON_EMT21_Wa_211020_200um_4$,/github/workspace/logsheets/filtered/water_sampling.csv,XSDString,False
source_mat_id error,ws,source_mat_id,20,EMOBON_EMT21_Wa_20,,source_mat_id should match ^EMOBON_EMT21_Wa_211020_200um_blank_1$,/github/workspace/logsheets/filtered/water_sampling.csv,XSDString,False
source_mat_id error,ws,source_mat_id,21,EMOBON_EMT21_Wa_21,,source_mat_id should match ^EMOBON_EMT21_Wa_211020_3um_1$,/github/workspace/logsheets/filtered/water_sampling.csv,XSDString,False
source_mat_id error,ws,source_mat_id,22,EMOBON_EMT21_Wa_22,,source_mat_id should match ^EMOBON_EMT21_Wa_211020_3um_2$,/github/workspace/logsheets/filtered/water_sampling.csv,XSDString,False
source_mat_id error,ws,source_mat_id,23,EMOBON_EMT21_Wa_23,,source_mat_id should match ^EMOBON_EMT21_Wa_211020_3um_3$,/github/workspace/logsheets/filtered/water_sampling.csv,XSDString,False
source_mat_id error,ws,source_mat_id,24,EMOBON_EMT21_Wa_24,,source_mat_id should match ^EMOBON_EMT21_Wa_211020_3um_4$,/github/workspace/logsheets/filtered/water_sampling.csv,XSDString,False
source_mat_id error,ws,source_mat_id,25,EMOBON_EMT21_Wa_25,,source_mat_id should match ^EMOBON_EMT21_Wa_211020_3um_blank_1$,/github/workspace/logsheets/filtered/water_sampling.csv,XSDString,False
source_mat_id error,ws,source_mat_id,26,EMOBON_EMT21_Wa_26,,source_mat_id should match ^EMOBON_EMT21_Wa_211020_NAum_1$,/github/workspace/logsheets/filtered/water_sampling.csv,XSDString,False
source_mat_id error,ws,source_mat_id,27,EMOBON_EMT21_Wa_27,,source_mat_id should match ^EMOBON_EMT21_Wa_211020_NAum_2$,/github/workspace/logsheets/filtered/water_sampling.csv,XSDString,False
source_mat_id error,ws,source_mat_id,28,EMOBON_EMT21_Wa_28,,source_mat_id should match ^EMOBON_EMT21_Wa_211020_NAum_3$,/github/workspace/logsheets/filtered/water_sampling.csv,XSDString,False
source_mat_id error,ws,source_mat_id,29,EMOBON_EMT21_Wa_29,,source_mat_id should match ^EMOBON_EMT21_Wa_211020_NAum_4$,/github/workspace/logsheets/filtered/water_sampling.csv,XSDString,False
source_mat_id error,ws,source_mat_id,30,EMOBON_EMT21_Wa_30,,source_mat_id should match ^EMOBON_EMT21_Wa_211020_NAum_blank_1$,/github/workspace/logsheets/filtered/water_sampling.csv,XSDString,False
source_mat_id error,ws,source_mat_id,31,EMOBON_EMT21_Wa_31,,source_mat_id should match ^EMOBON_EMT21_Wa_211216_200um_1$,/github/workspace/logsheets/filtered/water_sampling.csv,XSDString,False
source_mat_id error,ws,source_mat_id,32,EMOBON_EMT21_Wa_32,,source_mat_id should match ^EMOBON_EMT21_Wa_211216_200um_2$,/github/workspace/logsheets/filtered/water_sampling.csv,XSDString,False
source_mat_id error,ws,source_mat_id,33,EMOBON_EMT21_Wa_33,,source_mat_id should match ^EMOBON_EMT21_Wa_211216_200um_3$,/github/workspace/logsheets/filtered/water_sampling.csv,XSDString,False
source_mat_id error,ws,source_mat_id,34,EMOBON_EMT21_Wa_34,,source_mat_id should match ^EMOBON_EMT21_Wa_211216_200um_4$,/github/workspace/logsheets/filtered/water_sampling.csv,XSDString,False
source_mat_id error,ws,source_mat_id,35,EMOBON_EMT21_Wa_35,,source_mat_id should match ^EMOBON_EMT21_Wa_211216_200um_blank_1$,/github/workspace/logsheets/filtered/water_sampling.csv,XSDString,False
source_mat_id error,ws,source_mat_id,36,EMOBON_EMT21_Wa_36,,source_mat_id should match ^EMOBON_EMT21_Wa_211216_3um_1$,/github/workspace/logsheets/filtered/water_sampling.csv,XSDString,False
source_mat_id error,ws,source_mat_id,37,EMOBON_EMT21_Wa_37,,source_mat_id should match ^EMOBON_EMT21_Wa_211216_3um_2$,/github/workspace/logsheets/filtered/water_sampling.csv,XSDString,False
source_mat_id error,ws,source_mat_id,38,EMOBON_EMT21_Wa_38,,source_mat_id should match ^EMOBON_EMT21_Wa_211216_3um_3$,/github/workspace/logsheets/filtered/water_sampling.csv,XSDString,False
source_mat_id error,ws,source_mat_id,39,EMOBON_EMT21_Wa_39,,source_mat_id should match ^EMOBON_EMT21_Wa_211216_3um_4$,/github/workspace/logsheets/filtered/water_sampling.csv,XSDString,False
source_mat_id error,ws,source_mat_id,40,EMOBON_EMT21_Wa_40,,source_mat_id should match ^EMOBON_EMT21_Wa_211216_3um_blank_1$,/github/workspace/logsheets/filtered/water_sampling.csv,XSDString,False
source_mat_id error,ws,source_mat_id,41,EMOBON_EMT21_Wa_41,,source_mat_id should match ^EMOBON_EMT21_Wa_211216_NAum_1$,/github/workspace/logsheets/filtered/water_sampling.csv,XSDString,False
source_mat_id error,ws,source_mat_id,42,EMOBON_EMT21_Wa_42,,source_mat_id should match ^EMOBON_EMT21_Wa_211216_NAum_2$,/github/workspace/logsheets/filtered/water_sampling.csv,XSDString,False
source_mat_id error,ws,source_mat_id,43,EMOBON_EMT21_Wa_43,,source_mat_id should match ^EMOBON_EMT21_Wa_211216_NAum_3$,/github/workspace/logsheets/filtered/water_sampling.csv,XSDString,False
source_mat_id error,ws,source_mat_id,44,EMOBON_EMT21_Wa_44,,source_mat_id should match ^EMOBON_EMT21_Wa_211216_NAum_4$,/github/workspace/logsheets/filtered/water_sampling.csv,XSDString,False
source_mat_id error,ws,source_mat_id,45,EMOBON_EMT21_Wa_45,,source_mat_id should match ^EMOBON_EMT21_Wa_211216_NAum_blank_1$,/github/workspace/logsheets/filtered/water_sampling.csv,XSDString,False
datatype mismatch,so,contact_orcid,1,0000-0003-1576-9819,https://orcid.org/0000-0003-1576-9819,,/github/workspace/logsheets/filtered/sediment_observatory.csv,XSDAnyURI,True
datatype mismatch,so,loc_broad_ocean_mrgid,1,1902,http://marineregions.org/mrgid/1902,,/github/workspace/logsheets/filtered/sediment_observatory.csv,XSDAnyURI,False
datatype mismatch,so,loc_loc_mrgid,1,4889,http://marineregions.org/mrgid/4889,,/github/workspace/logsheets/filtered/sediment_observatory.csv,XSDAnyURI,False
datatype mismatch,so,loc_regional_mrgid,1,1912,http://marineregions.org/mrgid/1912,,/github/workspace/logsheets/filtered/sediment_observatory.csv,XSDAnyURI,False
datatype mismatch,so,organization,1,"Estación de Ciencias Mariñas de Toralla - Centre of Marine Research, University of Vigo",,,/github/workspace/logsheets/filtered/sediment_observatory.csv,EMOBONList,False
datatype mismatch,so,ENA_accession_number_umbrella,1,PRJEB51688,https://www.ebi.ac.uk/ena/browser/view/PRJEB51688,,/github/workspace/logsheets/filtered/sediment_observatory.csv,XSDAnyURI,False
datatype mismatch,ss,arr_date_hq,1,2022-01-11 00:00:00,2022-01-11,,/github/workspace/logsheets/filtered/sediment_sampling.csv,XSDDate,False
datatype mismatch,ss,arr_date_hq,2,2022-01-11 00:00:00,2022-01-11,,/github/workspace/logsheets/filtered/sediment_sampling.csv,XSDDate,False
datatype mismatch,ss,arr_date_hq,5,2022-01-11 00:00:00,2022-01-11,,/github/workspace/logsheets/filtered/sediment_sampling.csv,XSDDate,False
datatype mismatch,ss,arr_date_hq,6,2022-01-11 00:00:00,2022-01-11,,/github/workspace/logsheets/filtered/sediment_sampling.csv,XSDDate,False
datatype mismatch,ss,arr_date_seq,1,2023-10-17 00:00:00,2023-10-17,,/github/workspace/logsheets/filtered/sediment_sampling.csv,XSDDate,False
datatype mismatch,ss,arr_date_seq,2,2023-10-17 00:00:00,2023-10-17,,/github/workspace/logsheets/filtered/sediment_sampling.csv,XSDDate,False
datatype mismatch,ss,arr_date_seq,5,2023-10-17 00:00:00,2023-10-17,,/github/workspace/logsheets/filtered/sediment_sampling.csv,XSDDate,False
datatype mismatch,ss,arr_date_seq,6,2023-10-17 00:00:00,2023-10-17,,/github/workspace/logsheets/filtered/sediment_sampling.csv,XSDDate,False
datatype mismatch,ss,collection_date,1,2021-10-20 00:00:00,2021-10-20,,/github/workspace/logsheets/filtered/sediment_sampling.csv,XSDDate,False
datatype mismatch,ss,collection_date,2,2021-10-20 00:00:00,2021-10-20,,/github/workspace/logsheets/filtered/sediment_sampling.csv,XSDDate,False
datatype mismatch,ss,collection_date,3,2021-10-20 00:00:00,2021-10-20,,/github/workspace/logsheets/filtered/sediment_sampling.csv,XSDDate,False
datatype mismatch,ss,collection_date,4,2021-10-20 00:00:00,2021-10-20,,/github/workspace/logsheets/filtered/sediment_sampling.csv,XSDDate,False
datatype mismatch,ss,collection_date,5,2021-10-20 00:00:00,2021-10-20,,/github/workspace/logsheets/filtered/sediment_sampling.csv,XSDDate,False
datatype mismatch,ss,collection_date,6,2021-10-20 00:00:00,2021-10-20,,/github/workspace/logsheets/filtered/sediment_sampling.csv,XSDDate,False
datatype mismatch,ss,collection_date,7,2021-10-20 00:00:00,2021-10-20,,/github/workspace/logsheets/filtered/sediment_sampling.csv,XSDDate,False
datatype mismatch,ss,collection_date,8,2021-10-20 00:00:00,2021-10-20,,/github/workspace/logsheets/filtered/sediment_sampling.csv,XSDDate,False
datatype mismatch,ss,long_store,1,N,false,,/github/workspace/logsheets/filtered/sediment_sampling.csv,XSDBoolean,False
datatype mismatch,ss,long_store,2,N,false,,/github/workspace/logsheets/filtered/sediment_sampling.csv,XSDBoolean,False
datatype mismatch,ss,long_store,3,Y,true,,/github/workspace/logsheets/filtered/sediment_sampling.csv,XSDBoolean,False
datatype mismatch,ss,long_store,4,Y,true,,/github/workspace/logsheets/filtered/sediment_sampling.csv,XSDBoolean,False
datatype mismatch,ss,long_store,5,N,false,,/github/workspace/logsheets/filtered/sediment_sampling.csv,XSDBoolean,False
datatype mismatch,ss,long_store,6,N,false,,/github/workspace/logsheets/filtered/sediment_sampling.csv,XSDBoolean,False
datatype mismatch,ss,long_store,7,Y,true,,/github/workspace/logsheets/filtered/sediment_sampling.csv,XSDBoolean,False
datatype mismatch,ss,long_store,8,Y,true,,/github/workspace/logsheets/filtered/sediment_sampling.csv,XSDBoolean,False
datatype mismatch,ss,sampl_person_orcid,1,0000-0003-1576-9819,https://orcid.org/0000-0003-1576-9819,,/github/workspace/logsheets/filtered/sediment_sampling.csv,XSDAnyURI,True
datatype mismatch,ss,sampl_person_orcid,2,0000-0003-1576-9819,https://orcid.org/0000-0003-1576-9819,,/github/workspace/logsheets/filtered/sediment_sampling.csv,XSDAnyURI,True
datatype mismatch,ss,sampl_person_orcid,3,0000-0003-1576-9819,https://orcid.org/0000-0003-1576-9819,,/github/workspace/logsheets/filtered/sediment_sampling.csv,XSDAnyURI,True
datatype mismatch,ss,sampl_person_orcid,4,0000-0003-1576-9819,https://orcid.org/0000-0003-1576-9819,,/github/workspace/logsheets/filtered/sediment_sampling.csv,XSDAnyURI,True
datatype mismatch,ss,sampl_person_orcid,5,0000-0003-1576-9819,https://orcid.org/0000-0003-1576-9819,,/github/workspace/logsheets/filtered/sediment_sampling.csv,XSDAnyURI,True
datatype mismatch,ss,sampl_person_orcid,6,0000-0003-1576-9819,https://orcid.org/0000-0003-1576-9819,,/github/workspace/logsheets/filtered/sediment_sampling.csv,XSDAnyURI,True
datatype mismatch,ss,sampl_person_orcid,7,0000-0003-1576-9819,https://orcid.org/0000-0003-1576-9819,,/github/workspace/logsheets/filtered/sediment_sampling.csv,XSDAnyURI,True
datatype mismatch,ss,sampl_person_orcid,8,0000-0003-1576-9819,https://orcid.org/0000-0003-1576-9819,,/github/workspace/logsheets/filtered/sediment_sampling.csv,XSDAnyURI,True
datatype mismatch,ss,ship_date,1,2022-01-10 00:00:00,2022-01-10,,/github/workspace/logsheets/filtered/sediment_sampling.csv,XSDDate,False
datatype mismatch,ss,ship_date,2,2022-01-10 00:00:00,2022-01-10,,/github/workspace/logsheets/filtered/sediment_sampling.csv,XSDDate,False
datatype mismatch,ss,ship_date,5,2022-01-10 00:00:00,2022-01-10,,/github/workspace/logsheets/filtered/sediment_sampling.csv,XSDDate,False
datatype mismatch,ss,ship_date,6,2022-01-10 00:00:00,2022-01-10,,/github/workspace/logsheets/filtered/sediment_sampling.csv,XSDDate,False
datatype mismatch,ss,ship_date_seq,1,2023-10-17 00:00:00,2023-10-17,,/github/workspace/logsheets/filtered/sediment_sampling.csv,XSDDate,False
datatype mismatch,ss,ship_date_seq,2,2023-10-17 00:00:00,2023-10-17,,/github/workspace/logsheets/filtered/sediment_sampling.csv,XSDDate,False
datatype mismatch,ss,ship_date_seq,5,2023-10-17 00:00:00,2023-10-17,,/github/workspace/logsheets/filtered/sediment_sampling.csv,XSDDate,False
datatype mismatch,ss,ship_date_seq,6,2023-10-17 00:00:00,2023-10-17,,/github/workspace/logsheets/filtered/sediment_sampling.csv,XSDDate,False
datatype mismatch,ss,store_person_orcid,1,0000-0003-1576-9819,https://orcid.org/0000-0003-1576-9819,,/github/workspace/logsheets/filtered/sediment_sampling.csv,XSDAnyURI,True
datatype mismatch,ss,store_person_orcid,2,0000-0003-1576-9819,https://orcid.org/0000-0003-1576-9819,,/github/workspace/logsheets/filtered/sediment_sampling.csv,XSDAnyURI,True
datatype mismatch,ss,store_person_orcid,3,0000-0003-1576-9819,https://orcid.org/0000-0003-1576-9819,,/github/workspace/logsheets/filtered/sediment_sampling.csv,XSDAnyURI,True
datatype mismatch,ss,store_person_orcid,4,0000-0003-1576-9819,https://orcid.org/0000-0003-1576-9819,,/github/workspace/logsheets/filtered/sediment_sampling.csv,XSDAnyURI,True
datatype mismatch,ss,store_person_orcid,5,0000-0003-1576-9819,https://orcid.org/0000-0003-1576-9819,,/github/workspace/logsheets/filtered/sediment_sampling.csv,XSDAnyURI,True
datatype mismatch,ss,store_person_orcid,6,0000-0003-1576-9819,https://orcid.org/0000-0003-1576-9819,,/github/workspace/logsheets/filtered/sediment_sampling.csv,XSDAnyURI,True
datatype mismatch,ss,store_person_orcid,7,0000-0003-1576-9819,https://orcid.org/0000-0003-1576-9819,,/github/workspace/logsheets/filtered/sediment_sampling.csv,XSDAnyURI,True
datatype mismatch,ss,store_person_orcid,8,0000-0003-1576-9819,https://orcid.org/0000-0003-1576-9819,,/github/workspace/logsheets/filtered/sediment_sampling.csv,XSDAnyURI,True
datatype mismatch,ss,tax_id,1,33208,https://www.ncbi.nlm.nih.gov/taxonomy/browser/wwwtax.cgi?id=33208,,/github/workspace/logsheets/filtered/sediment_sampling.csv,XSDAnyURI,False
datatype mismatch,ss,tax_id,2,33208,https://www.ncbi.nlm.nih.gov/taxonomy/browser/wwwtax.cgi?id=33208,,/github/workspace/logsheets/filtered/sediment_sampling.csv,XSDAnyURI,False
datatype mismatch,ss,tax_id,3,33208,https://www.ncbi.nlm.nih.gov/taxonomy/browser/wwwtax.cgi?id=33208,,/github/workspace/logsheets/filtered/sediment_sampling.csv,XSDAnyURI,False
datatype mismatch,ss,tax_id,4,33208,https://www.ncbi.nlm.nih.gov/taxonomy/browser/wwwtax.cgi?id=33208,,/github/workspace/logsheets/filtered/sediment_sampling.csv,XSDAnyURI,False
datatype mismatch,ss,tax_id,5,33208,https://www.ncbi.nlm.nih.gov/taxonomy/browser/wwwtax.cgi?id=33208,,/github/workspace/logsheets/filtered/sediment_sampling.csv,XSDAnyURI,False
datatype mismatch,ss,tax_id,6,33208,https://www.ncbi.nlm.nih.gov/taxonomy/browser/wwwtax.cgi?id=33208,,/github/workspace/logsheets/filtered/sediment_sampling.csv,XSDAnyURI,False
datatype mismatch,ss,tax_id,7,33208,https://www.ncbi.nlm.nih.gov/taxonomy/browser/wwwtax.cgi?id=33208,,/github/workspace/logsheets/filtered/sediment_sampling.csv,XSDAnyURI,False
datatype mismatch,ss,tax_id,8,33208,https://www.ncbi.nlm.nih.gov/taxonomy/browser/wwwtax.cgi?id=33208,,/github/workspace/logsheets/filtered/sediment_sampling.csv,XSDAnyURI,False
datatype mismatch,ss,samp_store_date,1,2021-10-20 00:00:00,2021-10-20,,/github/workspace/logsheets/filtered/sediment_sampling.csv,XSDDate,False
datatype mismatch,ss,samp_store_date,2,2021-10-20 00:00:00,2021-10-20,,/github/workspace/logsheets/filtered/sediment_sampling.csv,XSDDate,False
datatype mismatch,ss,samp_store_date,3,2021-10-20 00:00:00,2021-10-20,,/github/workspace/logsheets/filtered/sediment_sampling.csv,XSDDate,False
datatype mismatch,ss,samp_store_date,4,2021-10-20 00:00:00,2021-10-20,,/github/workspace/logsheets/filtered/sediment_sampling.csv,XSDDate,False
datatype mismatch,ss,samp_store_date,5,2021-10-20 00:00:00,2021-10-20,,/github/workspace/logsheets/filtered/sediment_sampling.csv,XSDDate,False
datatype mismatch,ss,samp_store_date,6,2021-10-20 00:00:00,2021-10-20,,/github/workspace/logsheets/filtered/sediment_sampling.csv,XSDDate,False
datatype mismatch,ss,samp_store_date,7,2021-10-20 00:00:00,2021-10-20,,/github/workspace/logsheets/filtered/sediment_sampling.csv,XSDDate,False
datatype mismatch,ss,samp_store_date,8,2021-10-20 00:00:00,2021-10-20,,/github/workspace/logsheets/filtered/sediment_sampling.csv,XSDDate,False
datatype mismatch,wo,contact_orcid,1,0000-0003-1576-9819,https://orcid.org/0000-0003-1576-9819,,/github/workspace/logsheets/filtered/water_observatory.csv,XSDAnyURI,True
datatype mismatch,wo,loc_broad_ocean_mrgid,1,1902,http://marineregions.org/mrgid/1902,,/github/workspace/logsheets/filtered/water_observatory.csv,XSDAnyURI,False
datatype mismatch,wo,loc_loc_mrgid,1,4889,http://marineregions.org/mrgid/4889,,/github/workspace/logsheets/filtered/water_observatory.csv,XSDAnyURI,False
datatype mismatch,wo,loc_regional_mrgid,1,1912,http://marineregions.org/mrgid/1912,,/github/workspace/logsheets/filtered/water_observatory.csv,XSDAnyURI,False
datatype mismatch,wo,organization,1,"Toralla Marine Science Station - Centre of Marine Research, University of Vigo",,,/github/workspace/logsheets/filtered/water_observatory.csv,EMOBONList,False
datatype mismatch,wo,ENA_accession_number_project,1,PRJEB51653,https://www.ebi.ac.uk/ena/browser/view/PRJEB51653,,/github/workspace/logsheets/filtered/water_observatory.csv,XSDAnyURI,False
datatype mismatch,wo,ENA_accession_number_umbrella,1,PRJEB51688,https://www.ebi.ac.uk/ena/browser/view/PRJEB51688,,/github/workspace/logsheets/filtered/water_observatory.csv,XSDAnyURI,False
datatype mismatch,ws,arr_date_hq,1,2021-10-13 00:00:00,2021-10-13,,/github/workspace/logsheets/filtered/water_sampling.csv,XSDDate,False
datatype mismatch,ws,arr_date_hq,2,2021-10-13 00:00:00,2021-10-13,,/github/workspace/logsheets/filtered/water_sampling.csv,XSDDate,False
datatype mismatch,ws,arr_date_hq,6,2021-10-13 00:00:00,2021-10-13,,/github/workspace/logsheets/filtered/water_sampling.csv,XSDDate,False
datatype mismatch,ws,arr_date_hq,7,2021-10-13 00:00:00,2021-10-13,,/github/workspace/logsheets/filtered/water_sampling.csv,XSDDate,False
datatype mismatch,ws,arr_date_hq,16,2022-01-11 00:00:00,2022-01-11,,/github/workspace/logsheets/filtered/water_sampling.csv,XSDDate,False
datatype mismatch,ws,arr_date_hq,17,2022-01-11 00:00:00,2022-01-11,,/github/workspace/logsheets/filtered/water_sampling.csv,XSDDate,False
datatype mismatch,ws,arr_date_hq,21,2022-01-11 00:00:00,2022-01-11,,/github/workspace/logsheets/filtered/water_sampling.csv,XSDDate,False
datatype mismatch,ws,arr_date_hq,22,2022-01-11 00:00:00,2022-01-11,,/github/workspace/logsheets/filtered/water_sampling.csv,XSDDate,False
datatype mismatch,ws,arr_date_hq,31,2022-01-11 00:00:00,2022-01-11,,/github/workspace/logsheets/filtered/water_sampling.csv,XSDDate,False
datatype mismatch,ws,arr_date_hq,32,2022-01-11 00:00:00,2022-01-11,,/github/workspace/logsheets/filtered/water_sampling.csv,XSDDate,False
datatype mismatch,ws,arr_date_hq,35,2022-01-11 00:00:00,2022-01-11,,/github/workspace/logsheets/filtered/water_sampling.csv,XSDDate,False
datatype mismatch,ws,arr_date_hq,36,2022-01-11 00:00:00,2022-01-11,,/github/workspace/logsheets/filtered/water_sampling.csv,XSDDate,False
datatype mismatch,ws,arr_date_hq,37,2022-01-11 00:00:00,2022-01-11,,/github/workspace/logsheets/filtered/water_sampling.csv,XSDDate,False
datatype mismatch,ws,arr_date_hq,40,2022-01-11 00:00:00,2022-01-11,,/github/workspace/logsheets/filtered/water_sampling.csv,XSDDate,False
datatype mismatch,ws,arr_date_seq,1,2021-11-24 00:00:00,2021-11-24,,/github/workspace/logsheets/filtered/water_sampling.csv,XSDDate,False
datatype mismatch,ws,arr_date_seq,2,2021-11-24 00:00:00,2021-11-24,,/github/workspace/logsheets/filtered/water_sampling.csv,XSDDate,False
datatype mismatch,ws,arr_date_seq,6,2021-11-24 00:00:00,2021-11-24,,/github/workspace/logsheets/filtered/water_sampling.csv,XSDDate,False
datatype mismatch,ws,arr_date_seq,7,2021-11-24 00:00:00,2021-11-24,,/github/workspace/logsheets/filtered/water_sampling.csv,XSDDate,False
datatype mismatch,ws,arr_date_seq,16,2022-02-23 00:00:00,2022-02-23,,/github/workspace/logsheets/filtered/water_sampling.csv,XSDDate,False
datatype mismatch,ws,arr_date_seq,17,2022-02-23 00:00:00,2022-02-23,,/github/workspace/logsheets/filtered/water_sampling.csv,XSDDate,False
datatype mismatch,ws,arr_date_seq,21,2022-02-23 00:00:00,2022-02-23,,/github/workspace/logsheets/filtered/water_sampling.csv,XSDDate,False
datatype mismatch,ws,arr_date_seq,22,2022-02-23 00:00:00,2022-02-23,,/github/workspace/logsheets/filtered/water_sampling.csv,XSDDate,False
datatype mismatch,ws,arr_date_seq,31,2022-02-23 00:00:00,2022-02-23,,/github/workspace/logsheets/filtered/water_sampling.csv,XSDDate,False
datatype mismatch,ws,arr_date_seq,32,2022-02-23 00:00:00,2022-02-23,,/github/workspace/logsheets/filtered/water_sampling.csv,XSDDate,False
datatype mismatch,ws,arr_date_seq,35,2022-02-23 00:00:00,2022-02-23,,/github/workspace/logsheets/filtered/water_sampling.csv,XSDDate,False
datatype mismatch,ws,arr_date_seq,36,2022-02-23 00:00:00,2022-02-23,,/github/workspace/logsheets/filtered/water_sampling.csv,XSDDate,False
datatype mismatch,ws,arr_date_seq,37,2022-02-23 00:00:00,2022-02-23,,/github/workspace/logsheets/filtered/water_sampling.csv,XSDDate,False
datatype mismatch,ws,arr_date_seq,40,2022-02-23 00:00:00,2022-02-23,,/github/workspace/logsheets/filtered/water_sampling.csv,XSDDate,False
datatype mismatch,ws,collection_date,1,2021-08-25 00:00:00,2021-08-25,,/github/workspace/logsheets/filtered/water_sampling.csv,XSDDate,False
datatype mismatch,ws,collection_date,2,2021-08-25 00:00:00,2021-08-25,,/github/workspace/logsheets/filtered/water_sampling.csv,XSDDate,False
datatype mismatch,ws,collection_date,3,2021-08-25 00:00:00,2021-08-25,,/github/workspace/logsheets/filtered/water_sampling.csv,XSDDate,False
datatype mismatch,ws,collection_date,4,2021-08-25 00:00:00,2021-08-25,,/github/workspace/logsheets/filtered/water_sampling.csv,XSDDate,False
datatype mismatch,ws,collection_date,5,2021-08-25 00:00:00,2021-08-25,,/github/workspace/logsheets/filtered/water_sampling.csv,XSDDate,False
datatype mismatch,ws,collection_date,6,2021-08-25 00:00:00,2021-08-25,,/github/workspace/logsheets/filtered/water_sampling.csv,XSDDate,False
datatype mismatch,ws,collection_date,7,2021-08-25 00:00:00,2021-08-25,,/github/workspace/logsheets/filtered/water_sampling.csv,XSDDate,False
datatype mismatch,ws,collection_date,8,2021-08-25 00:00:00,2021-08-25,,/github/workspace/logsheets/filtered/water_sampling.csv,XSDDate,False
datatype mismatch,ws,collection_date,9,2021-08-25 00:00:00,2021-08-25,,/github/workspace/logsheets/filtered/water_sampling.csv,XSDDate,False
datatype mismatch,ws,collection_date,10,2021-08-25 00:00:00,2021-08-25,,/github/workspace/logsheets/filtered/water_sampling.csv,XSDDate,False
datatype mismatch,ws,collection_date,11,2021-08-25 00:00:00,2021-08-25,,/github/workspace/logsheets/filtered/water_sampling.csv,XSDDate,False
datatype mismatch,ws,collection_date,12,2021-08-25 00:00:00,2021-08-25,,/github/workspace/logsheets/filtered/water_sampling.csv,XSDDate,False
datatype mismatch,ws,collection_date,13,2021-08-25 00:00:00,2021-08-25,,/github/workspace/logsheets/filtered/water_sampling.csv,XSDDate,False
datatype mismatch,ws,collection_date,14,2021-08-25 00:00:00,2021-08-25,,/github/workspace/logsheets/filtered/water_sampling.csv,XSDDate,False
datatype mismatch,ws,collection_date,15,2021-08-25 00:00:00,2021-08-25,,/github/workspace/logsheets/filtered/water_sampling.csv,XSDDate,False
datatype mismatch,ws,collection_date,16,2021-10-20 00:00:00,2021-10-20,,/github/workspace/logsheets/filtered/water_sampling.csv,XSDDate,False
datatype mismatch,ws,collection_date,17,2021-10-20 00:00:00,2021-10-20,,/github/workspace/logsheets/filtered/water_sampling.csv,XSDDate,False
datatype mismatch,ws,collection_date,18,2021-10-20 00:00:00,2021-10-20,,/github/workspace/logsheets/filtered/water_sampling.csv,XSDDate,False
datatype mismatch,ws,collection_date,19,2021-10-20 00:00:00,2021-10-20,,/github/workspace/logsheets/filtered/water_sampling.csv,XSDDate,False
datatype mismatch,ws,collection_date,20,2021-10-20 00:00:00,2021-10-20,,/github/workspace/logsheets/filtered/water_sampling.csv,XSDDate,False
datatype mismatch,ws,collection_date,21,2021-10-20 00:00:00,2021-10-20,,/github/workspace/logsheets/filtered/water_sampling.csv,XSDDate,False
datatype mismatch,ws,collection_date,22,2021-10-20 00:00:00,2021-10-20,,/github/workspace/logsheets/filtered/water_sampling.csv,XSDDate,False
datatype mismatch,ws,collection_date,23,2021-10-20 00:00:00,2021-10-20,,/github/workspace/logsheets/filtered/water_sampling.csv,XSDDate,False
datatype mismatch,ws,collection_date,24,2021-10-20 00:00:00,2021-10-20,,/github/workspace/logsheets/filtered/water_sampling.csv,XSDDate,False
datatype mismatch,ws,collection_date,25,2021-10-20 00:00:00,2021-10-20,,/github/workspace/logsheets/filtered/water_sampling.csv,XSDDate,False
datatype mismatch,ws,collection_date,26,2021-10-20 00:00:00,2021-10-20,,/github/workspace/logsheets/filtered/water_sampling.csv,XSDDate,False
datatype mismatch,ws,collection_date,27,2021-10-20 00:00:00,2021-10-20,,/github/workspace/logsheets/filtered/water_sampling.csv,XSDDate,False
datatype mismatch,ws,collection_date,28,2021-10-20 00:00:00,2021-10-20,,/github/workspace/logsheets/filtered/water_sampling.csv,XSDDate,False
datatype mismatch,ws,collection_date,29,2021-10-20 00:00:00,2021-10-20,,/github/workspace/logsheets/filtered/water_sampling.csv,XSDDate,False
datatype mismatch,ws,collection_date,30,2021-10-20 00:00:00,2021-10-20,,/github/workspace/logsheets/filtered/water_sampling.csv,XSDDate,False
datatype mismatch,ws,collection_date,31,2021-12-16 00:00:00,2021-12-16,,/github/workspace/logsheets/filtered/water_sampling.csv,XSDDate,False
datatype mismatch,ws,collection_date,32,2021-12-16 00:00:00,2021-12-16,,/github/workspace/logsheets/filtered/water_sampling.csv,XSDDate,False
datatype mismatch,ws,collection_date,33,2021-12-16 00:00:00,2021-12-16,,/github/workspace/logsheets/filtered/water_sampling.csv,XSDDate,False
datatype mismatch,ws,collection_date,34,2021-12-16 00:00:00,2021-12-16,,/github/workspace/logsheets/filtered/water_sampling.csv,XSDDate,False
datatype mismatch,ws,collection_date,35,2021-12-16 00:00:00,2021-12-16,,/github/workspace/logsheets/filtered/water_sampling.csv,XSDDate,False
datatype mismatch,ws,collection_date,36,2021-12-16 00:00:00,2021-12-16,,/github/workspace/logsheets/filtered/water_sampling.csv,XSDDate,False
datatype mismatch,ws,collection_date,37,2021-12-16 00:00:00,2021-12-16,,/github/workspace/logsheets/filtered/water_sampling.csv,XSDDate,False
datatype mismatch,ws,collection_date,38,2021-12-16 00:00:00,2021-12-16,,/github/workspace/logsheets/filtered/water_sampling.csv,XSDDate,False
datatype mismatch,ws,collection_date,39,2021-12-16 00:00:00,2021-12-16,,/github/workspace/logsheets/filtered/water_sampling.csv,XSDDate,False
datatype mismatch,ws,collection_date,40,2021-12-16 00:00:00,2021-12-16,,/github/workspace/logsheets/filtered/water_sampling.csv,XSDDate,False
datatype mismatch,ws,collection_date,41,2021-12-16 00:00:00,2021-12-16,,/github/workspace/logsheets/filtered/water_sampling.csv,XSDDate,False
datatype mismatch,ws,collection_date,42,2021-12-16 00:00:00,2021-12-16,,/github/workspace/logsheets/filtered/water_sampling.csv,XSDDate,False
datatype mismatch,ws,collection_date,43,2021-12-16 00:00:00,2021-12-16,,/github/workspace/logsheets/filtered/water_sampling.csv,XSDDate,False
datatype mismatch,ws,collection_date,44,2021-12-16 00:00:00,2021-12-16,,/github/workspace/logsheets/filtered/water_sampling.csv,XSDDate,False
datatype mismatch,ws,collection_date,45,2021-12-16 00:00:00,2021-12-16,,/github/workspace/logsheets/filtered/water_sampling.csv,XSDDate,False
datatype mismatch,ws,long_store,1,N,false,,/github/workspace/logsheets/filtered/water_sampling.csv,XSDBoolean,False
datatype mismatch,ws,long_store,2,N,false,,/github/workspace/logsheets/filtered/water_sampling.csv,XSDBoolean,False
datatype mismatch,ws,long_store,3,Y,true,,/github/workspace/logsheets/filtered/water_sampling.csv,XSDBoolean,False
datatype mismatch,ws,long_store,4,Y,true,,/github/workspace/logsheets/filtered/water_sampling.csv,XSDBoolean,False
datatype mismatch,ws,long_store,5,Y,true,,/github/workspace/logsheets/filtered/water_sampling.csv,XSDBoolean,False
datatype mismatch,ws,long_store,6,N,false,,/github/workspace/logsheets/filtered/water_sampling.csv,XSDBoolean,False
datatype mismatch,ws,long_store,7,N,false,,/github/workspace/logsheets/filtered/water_sampling.csv,XSDBoolean,False
datatype mismatch,ws,long_store,8,Y,true,,/github/workspace/logsheets/filtered/water_sampling.csv,XSDBoolean,False
datatype mismatch,ws,long_store,9,Y,true,,/github/workspace/logsheets/filtered/water_sampling.csv,XSDBoolean,False
datatype mismatch,ws,long_store,10,Y,true,,/github/workspace/logsheets/filtered/water_sampling.csv,XSDBoolean,False
datatype mismatch,ws,long_store,11,Y,true,,/github/workspace/logsheets/filtered/water_sampling.csv,XSDBoolean,False
datatype mismatch,ws,long_store,12,Y,true,,/github/workspace/logsheets/filtered/water_sampling.csv,XSDBoolean,False
datatype mismatch,ws,long_store,13,Y,true,,/github/workspace/logsheets/filtered/water_sampling.csv,XSDBoolean,False
datatype mismatch,ws,long_store,14,Y,true,,/github/workspace/logsheets/filtered/water_sampling.csv,XSDBoolean,False
datatype mismatch,ws,long_store,15,Y,true,,/github/workspace/logsheets/filtered/water_sampling.csv,XSDBoolean,False
datatype mismatch,ws,long_store,16,N,false,,/github/workspace/logsheets/filtered/water_sampling.csv,XSDBoolean,False
datatype mismatch,ws,long_store,17,N,false,,/github/workspace/logsheets/filtered/water_sampling.csv,XSDBoolean,False
datatype mismatch,ws,long_store,18,Y,true,,/github/workspace/logsheets/filtered/water_sampling.csv,XSDBoolean,False
datatype mismatch,ws,long_store,19,Y,true,,/github/workspace/logsheets/filtered/water_sampling.csv,XSDBoolean,False
datatype mismatch,ws,long_store,20,Y,true,,/github/workspace/logsheets/filtered/water_sampling.csv,XSDBoolean,False
datatype mismatch,ws,long_store,21,N,false,,/github/workspace/logsheets/filtered/water_sampling.csv,XSDBoolean,False
datatype mismatch,ws,long_store,22,N,false,,/github/workspace/logsheets/filtered/water_sampling.csv,XSDBoolean,False
datatype mismatch,ws,long_store,23,Y,true,,/github/workspace/logsheets/filtered/water_sampling.csv,XSDBoolean,False
datatype mismatch,ws,long_store,24,Y,true,,/github/workspace/logsheets/filtered/water_sampling.csv,XSDBoolean,False
datatype mismatch,ws,long_store,25,Y,true,,/github/workspace/logsheets/filtered/water_sampling.csv,XSDBoolean,False
datatype mismatch,ws,long_store,26,Y,true,,/github/workspace/logsheets/filtered/water_sampling.csv,XSDBoolean,False
datatype mismatch,ws,long_store,27,Y,true,,/github/workspace/logsheets/filtered/water_sampling.csv,XSDBoolean,False
datatype mismatch,ws,long_store,28,Y,true,,/github/workspace/logsheets/filtered/water_sampling.csv,XSDBoolean,False
datatype mismatch,ws,long_store,29,Y,true,,/github/workspace/logsheets/filtered/water_sampling.csv,XSDBoolean,False
datatype mismatch,ws,long_store,30,Y,true,,/github/workspace/logsheets/filtered/water_sampling.csv,XSDBoolean,False
datatype mismatch,ws,long_store,31,N,false,,/github/workspace/logsheets/filtered/water_sampling.csv,XSDBoolean,False
datatype mismatch,ws,long_store,32,N,false,,/github/workspace/logsheets/filtered/water_sampling.csv,XSDBoolean,False
datatype mismatch,ws,long_store,33,Y,true,,/github/workspace/logsheets/filtered/water_sampling.csv,XSDBoolean,False
datatype mismatch,ws,long_store,34,Y,true,,/github/workspace/logsheets/filtered/water_sampling.csv,XSDBoolean,False
datatype mismatch,ws,long_store,35,N,false,,/github/workspace/logsheets/filtered/water_sampling.csv,XSDBoolean,False
datatype mismatch,ws,long_store,36,N,false,,/github/workspace/logsheets/filtered/water_sampling.csv,XSDBoolean,False
datatype mismatch,ws,long_store,37,N,false,,/github/workspace/logsheets/filtered/water_sampling.csv,XSDBoolean,False
datatype mismatch,ws,long_store,38,Y,true,,/github/workspace/logsheets/filtered/water_sampling.csv,XSDBoolean,False
datatype mismatch,ws,long_store,39,Y,true,,/github/workspace/logsheets/filtered/water_sampling.csv,XSDBoolean,False
datatype mismatch,ws,long_store,40,N,false,,/github/workspace/logsheets/filtered/water_sampling.csv,XSDBoolean,False
datatype mismatch,ws,long_store,41,Y,true,,/github/workspace/logsheets/filtered/water_sampling.csv,XSDBoolean,False
datatype mismatch,ws,long_store,42,Y,true,,/github/workspace/logsheets/filtered/water_sampling.csv,XSDBoolean,False
datatype mismatch,ws,long_store,43,Y,true,,/github/workspace/logsheets/filtered/water_sampling.csv,XSDBoolean,False
datatype mismatch,ws,long_store,44,Y,true,,/github/workspace/logsheets/filtered/water_sampling.csv,XSDBoolean,False
datatype mismatch,ws,long_store,45,Y,true,,/github/workspace/logsheets/filtered/water_sampling.csv,XSDBoolean,False
datatype mismatch,ws,membr_cut,1,Y,true,,/github/workspace/logsheets/filtered/water_sampling.csv,XSDBoolean,False
datatype mismatch,ws,membr_cut,2,Y,true,,/github/workspace/logsheets/filtered/water_sampling.csv,XSDBoolean,False
datatype mismatch,ws,membr_cut,3,Y,true,,/github/workspace/logsheets/filtered/water_sampling.csv,XSDBoolean,False
datatype mismatch,ws,membr_cut,4,Y,true,,/github/workspace/logsheets/filtered/water_sampling.csv,XSDBoolean,False
datatype mismatch,ws,membr_cut,5,N,false,,/github/workspace/logsheets/filtered/water_sampling.csv,XSDBoolean,False
datatype mismatch,ws,membr_cut,6,Y,true,,/github/workspace/logsheets/filtered/water_sampling.csv,XSDBoolean,False
datatype mismatch,ws,membr_cut,7,Y,true,,/github/workspace/logsheets/filtered/water_sampling.csv,XSDBoolean,False
datatype mismatch,ws,membr_cut,8,Y,true,,/github/workspace/logsheets/filtered/water_sampling.csv,XSDBoolean,False
datatype mismatch,ws,membr_cut,9,Y,true,,/github/workspace/logsheets/filtered/water_sampling.csv,XSDBoolean,False
datatype mismatch,ws,membr_cut,10,N,false,,/github/workspace/logsheets/filtered/water_sampling.csv,XSDBoolean,False
datatype mismatch,ws,membr_cut,11,N,false,,/github/workspace/logsheets/filtered/water_sampling.csv,XSDBoolean,False
datatype mismatch,ws,membr_cut,12,N,false,,/github/workspace/logsheets/filtered/water_sampling.csv,XSDBoolean,False
datatype mismatch,ws,membr_cut,13,N,false,,/github/workspace/logsheets/filtered/water_sampling.csv,XSDBoolean,False
datatype mismatch,ws,membr_cut,14,N,false,,/github/workspace/logsheets/filtered/water_sampling.csv,XSDBoolean,False
datatype mismatch,ws,membr_cut,15,N,false,,/github/workspace/logsheets/filtered/water_sampling.csv,XSDBoolean,False
datatype mismatch,ws,membr_cut,16,Y,true,,/github/workspace/logsheets/filtered/water_sampling.csv,XSDBoolean,False
datatype mismatch,ws,membr_cut,17,Y,true,,/github/workspace/logsheets/filtered/water_sampling.csv,XSDBoolean,False
datatype mismatch,ws,membr_cut,18,Y,true,,/github/workspace/logsheets/filtered/water_sampling.csv,XSDBoolean,False
datatype mismatch,ws,membr_cut,19,Y,true,,/github/workspace/logsheets/filtered/water_sampling.csv,XSDBoolean,False
datatype mismatch,ws,membr_cut,20,N,false,,/github/workspace/logsheets/filtered/water_sampling.csv,XSDBoolean,False
datatype mismatch,ws,membr_cut,21,Y,true,,/github/workspace/logsheets/filtered/water_sampling.csv,XSDBoolean,False
datatype mismatch,ws,membr_cut,22,Y,true,,/github/workspace/logsheets/filtered/water_sampling.csv,XSDBoolean,False
datatype mismatch,ws,membr_cut,23,Y,true,,/github/workspace/logsheets/filtered/water_sampling.csv,XSDBoolean,False
datatype mismatch,ws,membr_cut,24,Y,true,,/github/workspace/logsheets/filtered/water_sampling.csv,XSDBoolean,False
datatype mismatch,ws,membr_cut,25,N,false,,/github/workspace/logsheets/filtered/water_sampling.csv,XSDBoolean,False
datatype mismatch,ws,membr_cut,26,N,false,,/github/workspace/logsheets/filtered/water_sampling.csv,XSDBoolean,False
datatype mismatch,ws,membr_cut,27,N,false,,/github/workspace/logsheets/filtered/water_sampling.csv,XSDBoolean,False
datatype mismatch,ws,membr_cut,28,N,false,,/github/workspace/logsheets/filtered/water_sampling.csv,XSDBoolean,False
datatype mismatch,ws,membr_cut,29,N,false,,/github/workspace/logsheets/filtered/water_sampling.csv,XSDBoolean,False
datatype mismatch,ws,membr_cut,30,N,false,,/github/workspace/logsheets/filtered/water_sampling.csv,XSDBoolean,False
datatype mismatch,ws,membr_cut,31,Y,true,,/github/workspace/logsheets/filtered/water_sampling.csv,XSDBoolean,False
datatype mismatch,ws,membr_cut,32,Y,true,,/github/workspace/logsheets/filtered/water_sampling.csv,XSDBoolean,False
datatype mismatch,ws,membr_cut,33,Y,true,,/github/workspace/logsheets/filtered/water_sampling.csv,XSDBoolean,False
datatype mismatch,ws,membr_cut,34,Y,true,,/github/workspace/logsheets/filtered/water_sampling.csv,XSDBoolean,False
datatype mismatch,ws,membr_cut,35,N,false,,/github/workspace/logsheets/filtered/water_sampling.csv,XSDBoolean,False
datatype mismatch,ws,membr_cut,36,Y,true,,/github/workspace/logsheets/filtered/water_sampling.csv,XSDBoolean,False
datatype mismatch,ws,membr_cut,37,Y,true,,/github/workspace/logsheets/filtered/water_sampling.csv,XSDBoolean,False
datatype mismatch,ws,membr_cut,38,Y,true,,/github/workspace/logsheets/filtered/water_sampling.csv,XSDBoolean,False
datatype mismatch,ws,membr_cut,39,Y,true,,/github/workspace/logsheets/filtered/water_sampling.csv,XSDBoolean,False
datatype mismatch,ws,membr_cut,40,N,false,,/github/workspace/logsheets/filtered/water_sampling.csv,XSDBoolean,False
datatype mismatch,ws,membr_cut,41,N,false,,/github/workspace/logsheets/filtered/water_sampling.csv,XSDBoolean,False
datatype mismatch,ws,membr_cut,42,N,false,,/github/workspace/logsheets/filtered/water_sampling.csv,XSDBoolean,False
datatype mismatch,ws,membr_cut,43,N,false,,/github/workspace/logsheets/filtered/water_sampling.csv,XSDBoolean,False
datatype mismatch,ws,membr_cut,44,N,false,,/github/workspace/logsheets/filtered/water_sampling.csv,XSDBoolean,False
datatype mismatch,ws,membr_cut,45,N,false,,/github/workspace/logsheets/filtered/water_sampling.csv,XSDBoolean,False
datatype mismatch,ws,sampl_person_orcid,1,0000-0003-1576-9819,https://orcid.org/0000-0003-1576-9819,,/github/workspace/logsheets/filtered/water_sampling.csv,XSDAnyURI,True
datatype mismatch,ws,sampl_person_orcid,2,0000-0003-1576-9819,https://orcid.org/0000-0003-1576-9819,,/github/workspace/logsheets/filtered/water_sampling.csv,XSDAnyURI,True
datatype mismatch,ws,sampl_person_orcid,3,0000-0003-1576-9819,https://orcid.org/0000-0003-1576-9819,,/github/workspace/logsheets/filtered/water_sampling.csv,XSDAnyURI,True
datatype mismatch,ws,sampl_person_orcid,4,0000-0003-1576-9819,https://orcid.org/0000-0003-1576-9819,,/github/workspace/logsheets/filtered/water_sampling.csv,XSDAnyURI,True
datatype mismatch,ws,sampl_person_orcid,5,0000-0003-1576-9819,https://orcid.org/0000-0003-1576-9819,,/github/workspace/logsheets/filtered/water_sampling.csv,XSDAnyURI,True
datatype mismatch,ws,sampl_person_orcid,6,0000-0003-1576-9819,https://orcid.org/0000-0003-1576-9819,,/github/workspace/logsheets/filtered/water_sampling.csv,XSDAnyURI,True
datatype mismatch,ws,sampl_person_orcid,7,0000-0003-1576-9819,https://orcid.org/0000-0003-1576-9819,,/github/workspace/logsheets/filtered/water_sampling.csv,XSDAnyURI,True
datatype mismatch,ws,sampl_person_orcid,8,0000-0003-1576-9819,https://orcid.org/0000-0003-1576-9819,,/github/workspace/logsheets/filtered/water_sampling.csv,XSDAnyURI,True
datatype mismatch,ws,sampl_person_orcid,9,0000-0003-1576-9819,https://orcid.org/0000-0003-1576-9819,,/github/workspace/logsheets/filtered/water_sampling.csv,XSDAnyURI,True
datatype mismatch,ws,sampl_person_orcid,10,0000-0003-1576-9819,https://orcid.org/0000-0003-1576-9819,,/github/workspace/logsheets/filtered/water_sampling.csv,XSDAnyURI,True
datatype mismatch,ws,sampl_person_orcid,11,0000-0003-1576-9819,https://orcid.org/0000-0003-1576-9819,,/github/workspace/logsheets/filtered/water_sampling.csv,XSDAnyURI,True
datatype mismatch,ws,sampl_person_orcid,12,0000-0003-1576-9819,https://orcid.org/0000-0003-1576-9819,,/github/workspace/logsheets/filtered/water_sampling.csv,XSDAnyURI,True
datatype mismatch,ws,sampl_person_orcid,13,0000-0003-1576-9819,https://orcid.org/0000-0003-1576-9819,,/github/workspace/logsheets/filtered/water_sampling.csv,XSDAnyURI,True
datatype mismatch,ws,sampl_person_orcid,14,0000-0003-1576-9819,https://orcid.org/0000-0003-1576-9819,,/github/workspace/logsheets/filtered/water_sampling.csv,XSDAnyURI,True
datatype mismatch,ws,sampl_person_orcid,15,0000-0003-1576-9819,https://orcid.org/0000-0003-1576-9819,,/github/workspace/logsheets/filtered/water_sampling.csv,XSDAnyURI,True
datatype mismatch,ws,sampl_person_orcid,16,0000-0003-1576-9819,https://orcid.org/0000-0003-1576-9819,,/github/workspace/logsheets/filtered/water_sampling.csv,XSDAnyURI,True
datatype mismatch,ws,sampl_person_orcid,17,0000-0003-1576-9819,https://orcid.org/0000-0003-1576-9819,,/github/workspace/logsheets/filtered/water_sampling.csv,XSDAnyURI,True
datatype mismatch,ws,sampl_person_orcid,18,0000-0003-1576-9819,https://orcid.org/0000-0003-1576-9819,,/github/workspace/logsheets/filtered/water_sampling.csv,XSDAnyURI,True
datatype mismatch,ws,sampl_person_orcid,19,0000-0003-1576-9819,https://orcid.org/0000-0003-1576-9819,,/github/workspace/logsheets/filtered/water_sampling.csv,XSDAnyURI,True
datatype mismatch,ws,sampl_person_orcid,20,0000-0003-1576-9819,https://orcid.org/0000-0003-1576-9819,,/github/workspace/logsheets/filtered/water_sampling.csv,XSDAnyURI,True
datatype mismatch,ws,sampl_person_orcid,21,0000-0003-1576-9819,https://orcid.org/0000-0003-1576-9819,,/github/workspace/logsheets/filtered/water_sampling.csv,XSDAnyURI,True
datatype mismatch,ws,sampl_person_orcid,22,0000-0003-1576-9819,https://orcid.org/0000-0003-1576-9819,,/github/workspace/logsheets/filtered/water_sampling.csv,XSDAnyURI,True
datatype mismatch,ws,sampl_person_orcid,23,0000-0003-1576-9819,https://orcid.org/0000-0003-1576-9819,,/github/workspace/logsheets/filtered/water_sampling.csv,XSDAnyURI,True
datatype mismatch,ws,sampl_person_orcid,24,0000-0003-1576-9819,https://orcid.org/0000-0003-1576-9819,,/github/workspace/logsheets/filtered/water_sampling.csv,XSDAnyURI,True
datatype mismatch,ws,sampl_person_orcid,25,0000-0003-1576-9819,https://orcid.org/0000-0003-1576-9819,,/github/workspace/logsheets/filtered/water_sampling.csv,XSDAnyURI,True
datatype mismatch,ws,sampl_person_orcid,26,0000-0003-1576-9819,https://orcid.org/0000-0003-1576-9819,,/github/workspace/logsheets/filtered/water_sampling.csv,XSDAnyURI,True
datatype mismatch,ws,sampl_person_orcid,27,0000-0003-1576-9819,https://orcid.org/0000-0003-1576-9819,,/github/workspace/logsheets/filtered/water_sampling.csv,XSDAnyURI,True
datatype mismatch,ws,sampl_person_orcid,28,0000-0003-1576-9819,https://orcid.org/0000-0003-1576-9819,,/github/workspace/logsheets/filtered/water_sampling.csv,XSDAnyURI,True
datatype mismatch,ws,sampl_person_orcid,29,0000-0003-1576-9819,https://orcid.org/0000-0003-1576-9819,,/github/workspace/logsheets/filtered/water_sampling.csv,XSDAnyURI,True
datatype mismatch,ws,sampl_person_orcid,30,0000-0003-1576-9819,https://orcid.org/0000-0003-1576-9819,,/github/workspace/logsheets/filtered/water_sampling.csv,XSDAnyURI,True
datatype mismatch,ws,sampl_person_orcid,31,0000-0003-1576-9819,https://orcid.org/0000-0003-1576-9819,,/github/workspace/logsheets/filtered/water_sampling.csv,XSDAnyURI,True
datatype mismatch,ws,sampl_person_orcid,32,0000-0003-1576-9819,https://orcid.org/0000-0003-1576-9819,,/github/workspace/logsheets/filtered/water_sampling.csv,XSDAnyURI,True
datatype mismatch,ws,sampl_person_orcid,33,0000-0003-1576-9819,https://orcid.org/0000-0003-1576-9819,,/github/workspace/logsheets/filtered/water_sampling.csv,XSDAnyURI,True
datatype mismatch,ws,sampl_person_orcid,34,0000-0003-1576-9819,https://orcid.org/0000-0003-1576-9819,,/github/workspace/logsheets/filtered/water_sampling.csv,XSDAnyURI,True
datatype mismatch,ws,sampl_person_orcid,35,0000-0003-1576-9819,https://orcid.org/0000-0003-1576-9819,,/github/workspace/logsheets/filtered/water_sampling.csv,XSDAnyURI,True
datatype mismatch,ws,sampl_person_orcid,36,0000-0003-1576-9819,https://orcid.org/0000-0003-1576-9819,,/github/workspace/logsheets/filtered/water_sampling.csv,XSDAnyURI,True
datatype mismatch,ws,sampl_person_orcid,37,0000-0003-1576-9819,https://orcid.org/0000-0003-1576-9819,,/github/workspace/logsheets/filtered/water_sampling.csv,XSDAnyURI,True
datatype mismatch,ws,sampl_person_orcid,38,0000-0003-1576-9819,https://orcid.org/0000-0003-1576-9819,,/github/workspace/logsheets/filtered/water_sampling.csv,XSDAnyURI,True
datatype mismatch,ws,sampl_person_orcid,39,0000-0003-1576-9819,https://orcid.org/0000-0003-1576-9819,,/github/workspace/logsheets/filtered/water_sampling.csv,XSDAnyURI,True
datatype mismatch,ws,sampl_person_orcid,40,0000-0003-1576-9819,https://orcid.org/0000-0003-1576-9819,,/github/workspace/logsheets/filtered/water_sampling.csv,XSDAnyURI,True
datatype mismatch,ws,sampl_person_orcid,41,0000-0003-1576-9819,https://orcid.org/0000-0003-1576-9819,,/github/workspace/logsheets/filtered/water_sampling.csv,XSDAnyURI,True
datatype mismatch,ws,sampl_person_orcid,42,0000-0003-1576-9819,https://orcid.org/0000-0003-1576-9819,,/github/workspace/logsheets/filtered/water_sampling.csv,XSDAnyURI,True
datatype mismatch,ws,sampl_person_orcid,43,0000-0003-1576-9819,https://orcid.org/0000-0003-1576-9819,,/github/workspace/logsheets/filtered/water_sampling.csv,XSDAnyURI,True
datatype mismatch,ws,sampl_person_orcid,44,0000-0003-1576-9819,https://orcid.org/0000-0003-1576-9819,,/github/workspace/logsheets/filtered/water_sampling.csv,XSDAnyURI,True
datatype mismatch,ws,sampl_person_orcid,45,0000-0003-1576-9819,https://orcid.org/0000-0003-1576-9819,,/github/workspace/logsheets/filtered/water_sampling.csv,XSDAnyURI,True
datatype mismatch,ws,ship_date,1,2021-10-11 00:00:00,2021-10-11,,/github/workspace/logsheets/filtered/water_sampling.csv,XSDDate,False
datatype mismatch,ws,ship_date,2,2021-10-11 00:00:00,2021-10-11,,/github/workspace/logsheets/filtered/water_sampling.csv,XSDDate,False
datatype mismatch,ws,ship_date,6,2021-10-11 00:00:00,2021-10-11,,/github/workspace/logsheets/filtered/water_sampling.csv,XSDDate,False
datatype mismatch,ws,ship_date,7,2021-10-11 00:00:00,2021-10-11,,/github/workspace/logsheets/filtered/water_sampling.csv,XSDDate,False
datatype mismatch,ws,ship_date,16,2022-01-10 00:00:00,2022-01-10,,/github/workspace/logsheets/filtered/water_sampling.csv,XSDDate,False
datatype mismatch,ws,ship_date,17,2022-01-10 00:00:00,2022-01-10,,/github/workspace/logsheets/filtered/water_sampling.csv,XSDDate,False
datatype mismatch,ws,ship_date,21,2022-01-10 00:00:00,2022-01-10,,/github/workspace/logsheets/filtered/water_sampling.csv,XSDDate,False
datatype mismatch,ws,ship_date,22,2022-01-10 00:00:00,2022-01-10,,/github/workspace/logsheets/filtered/water_sampling.csv,XSDDate,False
datatype mismatch,ws,ship_date,31,2022-01-10 00:00:00,2022-01-10,,/github/workspace/logsheets/filtered/water_sampling.csv,XSDDate,False
datatype mismatch,ws,ship_date,32,2022-01-10 00:00:00,2022-01-10,,/github/workspace/logsheets/filtered/water_sampling.csv,XSDDate,False
datatype mismatch,ws,ship_date,35,2022-01-10 00:00:00,2022-01-10,,/github/workspace/logsheets/filtered/water_sampling.csv,XSDDate,False
datatype mismatch,ws,ship_date,36,2022-01-10 00:00:00,2022-01-10,,/github/workspace/logsheets/filtered/water_sampling.csv,XSDDate,False
datatype mismatch,ws,ship_date,37,2022-01-10 00:00:00,2022-01-10,,/github/workspace/logsheets/filtered/water_sampling.csv,XSDDate,False
datatype mismatch,ws,ship_date,40,2022-01-10 00:00:00,2022-01-10,,/github/workspace/logsheets/filtered/water_sampling.csv,XSDDate,False
datatype mismatch,ws,ship_date_seq,1,2021-11-24 00:00:00,2021-11-24,,/github/workspace/logsheets/filtered/water_sampling.csv,XSDDate,False
datatype mismatch,ws,ship_date_seq,2,2021-11-24 00:00:00,2021-11-24,,/github/workspace/logsheets/filtered/water_sampling.csv,XSDDate,False
datatype mismatch,ws,ship_date_seq,6,2021-11-24 00:00:00,2021-11-24,,/github/workspace/logsheets/filtered/water_sampling.csv,XSDDate,False
datatype mismatch,ws,ship_date_seq,7,2021-11-24 00:00:00,2021-11-24,,/github/workspace/logsheets/filtered/water_sampling.csv,XSDDate,False
datatype mismatch,ws,ship_date_seq,16,2022-02-22 00:00:00,2022-02-22,,/github/workspace/logsheets/filtered/water_sampling.csv,XSDDate,False
datatype mismatch,ws,ship_date_seq,17,2022-02-22 00:00:00,2022-02-22,,/github/workspace/logsheets/filtered/water_sampling.csv,XSDDate,False
datatype mismatch,ws,ship_date_seq,21,2022-02-22 00:00:00,2022-02-22,,/github/workspace/logsheets/filtered/water_sampling.csv,XSDDate,False
datatype mismatch,ws,ship_date_seq,22,2022-02-22 00:00:00,2022-02-22,,/github/workspace/logsheets/filtered/water_sampling.csv,XSDDate,False
datatype mismatch,ws,ship_date_seq,31,2022-02-22 00:00:00,2022-02-22,,/github/workspace/logsheets/filtered/water_sampling.csv,XSDDate,False
datatype mismatch,ws,ship_date_seq,32,2022-02-22 00:00:00,2022-02-22,,/github/workspace/logsheets/filtered/water_sampling.csv,XSDDate,False
datatype mismatch,ws,ship_date_seq,35,2022-02-22 00:00:00,2022-02-22,,/github/workspace/logsheets/filtered/water_sampling.csv,XSDDate,False
datatype mismatch,ws,ship_date_seq,36,2022-02-22 00:00:00,2022-02-22,,/github/workspace/logsheets/filtered/water_sampling.csv,XSDDate,False
datatype mismatch,ws,ship_date_seq,37,2022-02-22 00:00:00,2022-02-22,,/github/workspace/logsheets/filtered/water_sampling.csv,XSDDate,False
datatype mismatch,ws,ship_date_seq,40,2022-02-22 00:00:00,2022-02-22,,/github/workspace/logsheets/filtered/water_sampling.csv,XSDDate,False
datatype mismatch,ws,store_person_orcid,1,0000-0003-1576-9819,https://orcid.org/0000-0003-1576-9819,,/github/workspace/logsheets/filtered/water_sampling.csv,XSDAnyURI,True
datatype mismatch,ws,store_person_orcid,2,0000-0003-1576-9819,https://orcid.org/0000-0003-1576-9819,,/github/workspace/logsheets/filtered/water_sampling.csv,XSDAnyURI,True
datatype mismatch,ws,store_person_orcid,3,0000-0003-1576-9819,https://orcid.org/0000-0003-1576-9819,,/github/workspace/logsheets/filtered/water_sampling.csv,XSDAnyURI,True
datatype mismatch,ws,store_person_orcid,4,0000-0003-1576-9819,https://orcid.org/0000-0003-1576-9819,,/github/workspace/logsheets/filtered/water_sampling.csv,XSDAnyURI,True
datatype mismatch,ws,store_person_orcid,5,0000-0003-1576-9819,https://orcid.org/0000-0003-1576-9819,,/github/workspace/logsheets/filtered/water_sampling.csv,XSDAnyURI,True
datatype mismatch,ws,store_person_orcid,6,0000-0003-1576-9819,https://orcid.org/0000-0003-1576-9819,,/github/workspace/logsheets/filtered/water_sampling.csv,XSDAnyURI,True
datatype mismatch,ws,store_person_orcid,7,0000-0003-1576-9819,https://orcid.org/0000-0003-1576-9819,,/github/workspace/logsheets/filtered/water_sampling.csv,XSDAnyURI,True
datatype mismatch,ws,store_person_orcid,8,0000-0003-1576-9819,https://orcid.org/0000-0003-1576-9819,,/github/workspace/logsheets/filtered/water_sampling.csv,XSDAnyURI,True
datatype mismatch,ws,store_person_orcid,9,0000-0003-1576-9819,https://orcid.org/0000-0003-1576-9819,,/github/workspace/logsheets/filtered/water_sampling.csv,XSDAnyURI,True
datatype mismatch,ws,store_person_orcid,10,0000-0003-1576-9819,https://orcid.org/0000-0003-1576-9819,,/github/workspace/logsheets/filtered/water_sampling.csv,XSDAnyURI,True
datatype mismatch,ws,store_person_orcid,11,0000-0003-1576-9819,https://orcid.org/0000-0003-1576-9819,,/github/workspace/logsheets/filtered/water_sampling.csv,XSDAnyURI,True
datatype mismatch,ws,store_person_orcid,12,0000-0003-1576-9819,https://orcid.org/0000-0003-1576-9819,,/github/workspace/logsheets/filtered/water_sampling.csv,XSDAnyURI,True
datatype mismatch,ws,store_person_orcid,13,0000-0003-1576-9819,https://orcid.org/0000-0003-1576-9819,,/github/workspace/logsheets/filtered/water_sampling.csv,XSDAnyURI,True
datatype mismatch,ws,store_person_orcid,14,0000-0003-1576-9819,https://orcid.org/0000-0003-1576-9819,,/github/workspace/logsheets/filtered/water_sampling.csv,XSDAnyURI,True
datatype mismatch,ws,store_person_orcid,15,0000-0003-1576-9819,https://orcid.org/0000-0003-1576-9819,,/github/workspace/logsheets/filtered/water_sampling.csv,XSDAnyURI,True
datatype mismatch,ws,store_person_orcid,16,0000-0003-1576-9819,https://orcid.org/0000-0003-1576-9819,,/github/workspace/logsheets/filtered/water_sampling.csv,XSDAnyURI,True
datatype mismatch,ws,store_person_orcid,17,0000-0003-1576-9819,https://orcid.org/0000-0003-1576-9819,,/github/workspace/logsheets/filtered/water_sampling.csv,XSDAnyURI,True
datatype mismatch,ws,store_person_orcid,18,0000-0003-1576-9819,https://orcid.org/0000-0003-1576-9819,,/github/workspace/logsheets/filtered/water_sampling.csv,XSDAnyURI,True
datatype mismatch,ws,store_person_orcid,19,0000-0003-1576-9819,https://orcid.org/0000-0003-1576-9819,,/github/workspace/logsheets/filtered/water_sampling.csv,XSDAnyURI,True
datatype mismatch,ws,store_person_orcid,20,0000-0003-1576-9819,https://orcid.org/0000-0003-1576-9819,,/github/workspace/logsheets/filtered/water_sampling.csv,XSDAnyURI,True
datatype mismatch,ws,store_person_orcid,21,0000-0003-1576-9819,https://orcid.org/0000-0003-1576-9819,,/github/workspace/logsheets/filtered/water_sampling.csv,XSDAnyURI,True
datatype mismatch,ws,store_person_orcid,22,0000-0003-1576-9819,https://orcid.org/0000-0003-1576-9819,,/github/workspace/logsheets/filtered/water_sampling.csv,XSDAnyURI,True
datatype mismatch,ws,store_person_orcid,23,0000-0003-1576-9819,https://orcid.org/0000-0003-1576-9819,,/github/workspace/logsheets/filtered/water_sampling.csv,XSDAnyURI,True
datatype mismatch,ws,store_person_orcid,24,0000-0003-1576-9819,https://orcid.org/0000-0003-1576-9819,,/github/workspace/logsheets/filtered/water_sampling.csv,XSDAnyURI,True
datatype mismatch,ws,store_person_orcid,25,0000-0003-1576-9819,https://orcid.org/0000-0003-1576-9819,,/github/workspace/logsheets/filtered/water_sampling.csv,XSDAnyURI,True
datatype mismatch,ws,store_person_orcid,26,0000-0003-1576-9819,https://orcid.org/0000-0003-1576-9819,,/github/workspace/logsheets/filtered/water_sampling.csv,XSDAnyURI,True
datatype mismatch,ws,store_person_orcid,27,0000-0003-1576-9819,https://orcid.org/0000-0003-1576-9819,,/github/workspace/logsheets/filtered/water_sampling.csv,XSDAnyURI,True
datatype mismatch,ws,store_person_orcid,28,0000-0003-1576-9819,https://orcid.org/0000-0003-1576-9819,,/github/workspace/logsheets/filtered/water_sampling.csv,XSDAnyURI,True
datatype mismatch,ws,store_person_orcid,29,0000-0003-1576-9819,https://orcid.org/0000-0003-1576-9819,,/github/workspace/logsheets/filtered/water_sampling.csv,XSDAnyURI,True
datatype mismatch,ws,store_person_orcid,30,0000-0003-1576-9819,https://orcid.org/0000-0003-1576-9819,,/github/workspace/logsheets/filtered/water_sampling.csv,XSDAnyURI,True
datatype mismatch,ws,store_person_orcid,31,0000-0003-1576-9819,https://orcid.org/0000-0003-1576-9819,,/github/workspace/logsheets/filtered/water_sampling.csv,XSDAnyURI,True
datatype mismatch,ws,store_person_orcid,32,0000-0003-1576-9819,https://orcid.org/0000-0003-1576-9819,,/github/workspace/logsheets/filtered/water_sampling.csv,XSDAnyURI,True
datatype mismatch,ws,store_person_orcid,33,0000-0003-1576-9819,https://orcid.org/0000-0003-1576-9819,,/github/workspace/logsheets/filtered/water_sampling.csv,XSDAnyURI,True
datatype mismatch,ws,store_person_orcid,34,0000-0003-1576-9819,https://orcid.org/0000-0003-1576-9819,,/github/workspace/logsheets/filtered/water_sampling.csv,XSDAnyURI,True
datatype mismatch,ws,store_person_orcid,35,0000-0003-1576-9819,https://orcid.org/0000-0003-1576-9819,,/github/workspace/logsheets/filtered/water_sampling.csv,XSDAnyURI,True
datatype mismatch,ws,store_person_orcid,36,0000-0003-1576-9819,https://orcid.org/0000-0003-1576-9819,,/github/workspace/logsheets/filtered/water_sampling.csv,XSDAnyURI,True
datatype mismatch,ws,store_person_orcid,37,0000-0003-1576-9819,https://orcid.org/0000-0003-1576-9819,,/github/workspace/logsheets/filtered/water_sampling.csv,XSDAnyURI,True
datatype mismatch,ws,store_person_orcid,38,0000-0003-1576-9819,https://orcid.org/0000-0003-1576-9819,,/github/workspace/logsheets/filtered/water_sampling.csv,XSDAnyURI,True
datatype mismatch,ws,store_person_orcid,39,0000-0003-1576-9819,https://orcid.org/0000-0003-1576-9819,,/github/workspace/logsheets/filtered/water_sampling.csv,XSDAnyURI,True
datatype mismatch,ws,store_person_orcid,40,0000-0003-1576-9819,https://orcid.org/0000-0003-1576-9819,,/github/workspace/logsheets/filtered/water_sampling.csv,XSDAnyURI,True
datatype mismatch,ws,store_person_orcid,41,0000-0003-1576-9819,https://orcid.org/0000-0003-1576-9819,,/github/workspace/logsheets/filtered/water_sampling.csv,XSDAnyURI,True
datatype mismatch,ws,store_person_orcid,42,0000-0003-1576-9819,https://orcid.org/0000-0003-1576-9819,,/github/workspace/logsheets/filtered/water_sampling.csv,XSDAnyURI,True
datatype mismatch,ws,store_person_orcid,43,0000-0003-1576-9819,https://orcid.org/0000-0003-1576-9819,,/github/workspace/logsheets/filtered/water_sampling.csv,XSDAnyURI,True
datatype mismatch,ws,store_person_orcid,44,0000-0003-1576-9819,https://orcid.org/0000-0003-1576-9819,,/github/workspace/logsheets/filtered/water_sampling.csv,XSDAnyURI,True
datatype mismatch,ws,store_person_orcid,45,0000-0003-1576-9819,https://orcid.org/0000-0003-1576-9819,,/github/workspace/logsheets/filtered/water_sampling.csv,XSDAnyURI,True
datatype mismatch,ws,tax_id,1,1874687,https://www.ncbi.nlm.nih.gov/taxonomy/browser/wwwtax.cgi?id=1874687,,/github/workspace/logsheets/filtered/water_sampling.csv,XSDAnyURI,False
datatype mismatch,ws,tax_id,2,1874687,https://www.ncbi.nlm.nih.gov/taxonomy/browser/wwwtax.cgi?id=1874687,,/github/workspace/logsheets/filtered/water_sampling.csv,XSDAnyURI,False
datatype mismatch,ws,tax_id,3,1874687,https://www.ncbi.nlm.nih.gov/taxonomy/browser/wwwtax.cgi?id=1874687,,/github/workspace/logsheets/filtered/water_sampling.csv,XSDAnyURI,False
datatype mismatch,ws,tax_id,4,1874687,https://www.ncbi.nlm.nih.gov/taxonomy/browser/wwwtax.cgi?id=1874687,,/github/workspace/logsheets/filtered/water_sampling.csv,XSDAnyURI,False
datatype mismatch,ws,tax_id,5,256318,https://www.ncbi.nlm.nih.gov/taxonomy/browser/wwwtax.cgi?id=256318,,/github/workspace/logsheets/filtered/water_sampling.csv,XSDAnyURI,False
datatype mismatch,ws,tax_id,6,1874687,https://www.ncbi.nlm.nih.gov/taxonomy/browser/wwwtax.cgi?id=1874687,,/github/workspace/logsheets/filtered/water_sampling.csv,XSDAnyURI,False
datatype mismatch,ws,tax_id,7,1874687,https://www.ncbi.nlm.nih.gov/taxonomy/browser/wwwtax.cgi?id=1874687,,/github/workspace/logsheets/filtered/water_sampling.csv,XSDAnyURI,False
datatype mismatch,ws,tax_id,8,1874687,https://www.ncbi.nlm.nih.gov/taxonomy/browser/wwwtax.cgi?id=1874687,,/github/workspace/logsheets/filtered/water_sampling.csv,XSDAnyURI,False
datatype mismatch,ws,tax_id,9,1874687,https://www.ncbi.nlm.nih.gov/taxonomy/browser/wwwtax.cgi?id=1874687,,/github/workspace/logsheets/filtered/water_sampling.csv,XSDAnyURI,False
datatype mismatch,ws,tax_id,10,256318,https://www.ncbi.nlm.nih.gov/taxonomy/browser/wwwtax.cgi?id=256318,,/github/workspace/logsheets/filtered/water_sampling.csv,XSDAnyURI,False
datatype mismatch,ws,tax_id,11,1874687,https://www.ncbi.nlm.nih.gov/taxonomy/browser/wwwtax.cgi?id=1874687,,/github/workspace/logsheets/filtered/water_sampling.csv,XSDAnyURI,False
datatype mismatch,ws,tax_id,12,1874687,https://www.ncbi.nlm.nih.gov/taxonomy/browser/wwwtax.cgi?id=1874687,,/github/workspace/logsheets/filtered/water_sampling.csv,XSDAnyURI,False
datatype mismatch,ws,tax_id,13,1874687,https://www.ncbi.nlm.nih.gov/taxonomy/browser/wwwtax.cgi?id=1874687,,/github/workspace/logsheets/filtered/water_sampling.csv,XSDAnyURI,False
datatype mismatch,ws,tax_id,14,1874687,https://www.ncbi.nlm.nih.gov/taxonomy/browser/wwwtax.cgi?id=1874687,,/github/workspace/logsheets/filtered/water_sampling.csv,XSDAnyURI,False
datatype mismatch,ws,tax_id,15,256318,https://www.ncbi.nlm.nih.gov/taxonomy/browser/wwwtax.cgi?id=256318,,/github/workspace/logsheets/filtered/water_sampling.csv,XSDAnyURI,False
datatype mismatch,ws,tax_id,16,1874687,https://www.ncbi.nlm.nih.gov/taxonomy/browser/wwwtax.cgi?id=1874687,,/github/workspace/logsheets/filtered/water_sampling.csv,XSDAnyURI,False
datatype mismatch,ws,tax_id,17,1874687,https://www.ncbi.nlm.nih.gov/taxonomy/browser/wwwtax.cgi?id=1874687,,/github/workspace/logsheets/filtered/water_sampling.csv,XSDAnyURI,False
datatype mismatch,ws,tax_id,18,1874687,https://www.ncbi.nlm.nih.gov/taxonomy/browser/wwwtax.cgi?id=1874687,,/github/workspace/logsheets/filtered/water_sampling.csv,XSDAnyURI,False
datatype mismatch,ws,tax_id,19,1874687,https://www.ncbi.nlm.nih.gov/taxonomy/browser/wwwtax.cgi?id=1874687,,/github/workspace/logsheets/filtered/water_sampling.csv,XSDAnyURI,False
datatype mismatch,ws,tax_id,20,256318,https://www.ncbi.nlm.nih.gov/taxonomy/browser/wwwtax.cgi?id=256318,,/github/workspace/logsheets/filtered/water_sampling.csv,XSDAnyURI,False
datatype mismatch,ws,tax_id,21,1874687,https://www.ncbi.nlm.nih.gov/taxonomy/browser/wwwtax.cgi?id=1874687,,/github/workspace/logsheets/filtered/water_sampling.csv,XSDAnyURI,False
datatype mismatch,ws,tax_id,22,1874687,https://www.ncbi.nlm.nih.gov/taxonomy/browser/wwwtax.cgi?id=1874687,,/github/workspace/logsheets/filtered/water_sampling.csv,XSDAnyURI,False
datatype mismatch,ws,tax_id,23,1874687,https://www.ncbi.nlm.nih.gov/taxonomy/browser/wwwtax.cgi?id=1874687,,/github/workspace/logsheets/filtered/water_sampling.csv,XSDAnyURI,False
datatype mismatch,ws,tax_id,24,1874687,https://www.ncbi.nlm.nih.gov/taxonomy/browser/wwwtax.cgi?id=1874687,,/github/workspace/logsheets/filtered/water_sampling.csv,XSDAnyURI,False
datatype mismatch,ws,tax_id,25,256318,https://www.ncbi.nlm.nih.gov/taxonomy/browser/wwwtax.cgi?id=256318,,/github/workspace/logsheets/filtered/water_sampling.csv,XSDAnyURI,False
datatype mismatch,ws,tax_id,26,1874687,https://www.ncbi.nlm.nih.gov/taxonomy/browser/wwwtax.cgi?id=1874687,,/github/workspace/logsheets/filtered/water_sampling.csv,XSDAnyURI,False
datatype mismatch,ws,tax_id,27,1874687,https://www.ncbi.nlm.nih.gov/taxonomy/browser/wwwtax.cgi?id=1874687,,/github/workspace/logsheets/filtered/water_sampling.csv,XSDAnyURI,False
datatype mismatch,ws,tax_id,28,1874687,https://www.ncbi.nlm.nih.gov/taxonomy/browser/wwwtax.cgi?id=1874687,,/github/workspace/logsheets/filtered/water_sampling.csv,XSDAnyURI,False
datatype mismatch,ws,tax_id,29,1874687,https://www.ncbi.nlm.nih.gov/taxonomy/browser/wwwtax.cgi?id=1874687,,/github/workspace/logsheets/filtered/water_sampling.csv,XSDAnyURI,False
datatype mismatch,ws,tax_id,30,256318,https://www.ncbi.nlm.nih.gov/taxonomy/browser/wwwtax.cgi?id=256318,,/github/workspace/logsheets/filtered/water_sampling.csv,XSDAnyURI,False
datatype mismatch,ws,tax_id,31,1874687,https://www.ncbi.nlm.nih.gov/taxonomy/browser/wwwtax.cgi?id=1874687,,/github/workspace/logsheets/filtered/water_sampling.csv,XSDAnyURI,False
datatype mismatch,ws,tax_id,32,1874687,https://www.ncbi.nlm.nih.gov/taxonomy/browser/wwwtax.cgi?id=1874687,,/github/workspace/logsheets/filtered/water_sampling.csv,XSDAnyURI,False
datatype mismatch,ws,tax_id,33,1874687,https://www.ncbi.nlm.nih.gov/taxonomy/browser/wwwtax.cgi?id=1874687,,/github/workspace/logsheets/filtered/water_sampling.csv,XSDAnyURI,False
datatype mismatch,ws,tax_id,34,1874687,https://www.ncbi.nlm.nih.gov/taxonomy/browser/wwwtax.cgi?id=1874687,,/github/workspace/logsheets/filtered/water_sampling.csv,XSDAnyURI,False
datatype mismatch,ws,tax_id,35,256318,https://www.ncbi.nlm.nih.gov/taxonomy/browser/wwwtax.cgi?id=256318,,/github/workspace/logsheets/filtered/water_sampling.csv,XSDAnyURI,False
datatype mismatch,ws,tax_id,36,1874687,https://www.ncbi.nlm.nih.gov/taxonomy/browser/wwwtax.cgi?id=1874687,,/github/workspace/logsheets/filtered/water_sampling.csv,XSDAnyURI,False
datatype mismatch,ws,tax_id,37,1874687,https://www.ncbi.nlm.nih.gov/taxonomy/browser/wwwtax.cgi?id=1874687,,/github/workspace/logsheets/filtered/water_sampling.csv,XSDAnyURI,False
datatype mismatch,ws,tax_id,38,1874687,https://www.ncbi.nlm.nih.gov/taxonomy/browser/wwwtax.cgi?id=1874687,,/github/workspace/logsheets/filtered/water_sampling.csv,XSDAnyURI,False
datatype mismatch,ws,tax_id,39,1874687,https://www.ncbi.nlm.nih.gov/taxonomy/browser/wwwtax.cgi?id=1874687,,/github/workspace/logsheets/filtered/water_sampling.csv,XSDAnyURI,False
datatype mismatch,ws,tax_id,40,256318,https://www.ncbi.nlm.nih.gov/taxonomy/browser/wwwtax.cgi?id=256318,,/github/workspace/logsheets/filtered/water_sampling.csv,XSDAnyURI,False
datatype mismatch,ws,tax_id,41,1874687,https://www.ncbi.nlm.nih.gov/taxonomy/browser/wwwtax.cgi?id=1874687,,/github/workspace/logsheets/filtered/water_sampling.csv,XSDAnyURI,False
datatype mismatch,ws,tax_id,42,1874687,https://www.ncbi.nlm.nih.gov/taxonomy/browser/wwwtax.cgi?id=1874687,,/github/workspace/logsheets/filtered/water_sampling.csv,XSDAnyURI,False
datatype mismatch,ws,tax_id,43,1874687,https://www.ncbi.nlm.nih.gov/taxonomy/browser/wwwtax.cgi?id=1874687,,/github/workspace/logsheets/filtered/water_sampling.csv,XSDAnyURI,False
datatype mismatch,ws,tax_id,44,1874687,https://www.ncbi.nlm.nih.gov/taxonomy/browser/wwwtax.cgi?id=1874687,,/github/workspace/logsheets/filtered/water_sampling.csv,XSDAnyURI,False
datatype mismatch,ws,tax_id,45,256318,https://www.ncbi.nlm.nih.gov/taxonomy/browser/wwwtax.cgi?id=256318,,/github/workspace/logsheets/filtered/water_sampling.csv,XSDAnyURI,False
datatype mismatch,ws,failure,1,F,false,,/github/workspace/logsheets/filtered/water_sampling.csv,XSDBoolean,False
datatype mismatch,ws,failure,2,F,false,,/github/workspace/logsheets/filtered/water_sampling.csv,XSDBoolean,False
datatype mismatch,ws,failure,6,F,false,,/github/workspace/logsheets/filtered/water_sampling.csv,XSDBoolean,False
datatype mismatch,ws,failure,7,F,false,,/github/workspace/logsheets/filtered/water_sampling.csv,XSDBoolean,False
datatype mismatch,ws,failure,16,F,false,,/github/workspace/logsheets/filtered/water_sampling.csv,XSDBoolean,False
datatype mismatch,ws,failure,17,F,false,,/github/workspace/logsheets/filtered/water_sampling.csv,XSDBoolean,False
datatype mismatch,ws,failure,21,F,false,,/github/workspace/logsheets/filtered/water_sampling.csv,XSDBoolean,False
datatype mismatch,ws,failure,22,F,false,,/github/workspace/logsheets/filtered/water_sampling.csv,XSDBoolean,False
datatype mismatch,ws,failure,31,F,false,,/github/workspace/logsheets/filtered/water_sampling.csv,XSDBoolean,False
datatype mismatch,ws,failure,32,F,false,,/github/workspace/logsheets/filtered/water_sampling.csv,XSDBoolean,False
datatype mismatch,ws,failure,35,T,true,,/github/workspace/logsheets/filtered/water_sampling.csv,XSDBoolean,False
datatype mismatch,ws,failure,36,F,false,,/github/workspace/logsheets/filtered/water_sampling.csv,XSDBoolean,False
datatype mismatch,ws,failure,37,F,false,,/github/workspace/logsheets/filtered/water_sampling.csv,XSDBoolean,False
datatype mismatch,ws,failure,40,T,true,,/github/workspace/logsheets/filtered/water_sampling.csv,XSDBoolean,False
datatype mismatch,ws,samp_store_date,1,2021-08-25 00:00:00,2021-08-25,,/github/workspace/logsheets/filtered/water_sampling.csv,XSDDate,False
datatype mismatch,ws,samp_store_date,2,2021-08-25 00:00:00,2021-08-25,,/github/workspace/logsheets/filtered/water_sampling.csv,XSDDate,False
datatype mismatch,ws,samp_store_date,3,2021-08-25 00:00:00,2021-08-25,,/github/workspace/logsheets/filtered/water_sampling.csv,XSDDate,False
datatype mismatch,ws,samp_store_date,4,2021-08-25 00:00:00,2021-08-25,,/github/workspace/logsheets/filtered/water_sampling.csv,XSDDate,False
datatype mismatch,ws,samp_store_date,5,2021-08-25 00:00:00,2021-08-25,,/github/workspace/logsheets/filtered/water_sampling.csv,XSDDate,False
datatype mismatch,ws,samp_store_date,6,2021-08-25 00:00:00,2021-08-25,,/github/workspace/logsheets/filtered/water_sampling.csv,XSDDate,False
datatype mismatch,ws,samp_store_date,7,2021-08-25 00:00:00,2021-08-25,,/github/workspace/logsheets/filtered/water_sampling.csv,XSDDate,False
datatype mismatch,ws,samp_store_date,8,2021-08-25 00:00:00,2021-08-25,,/github/workspace/logsheets/filtered/water_sampling.csv,XSDDate,False
datatype mismatch,ws,samp_store_date,9,2021-08-25 00:00:00,2021-08-25,,/github/workspace/logsheets/filtered/water_sampling.csv,XSDDate,False
datatype mismatch,ws,samp_store_date,10,2021-08-25 00:00:00,2021-08-25,,/github/workspace/logsheets/filtered/water_sampling.csv,XSDDate,False
datatype mismatch,ws,samp_store_date,11,2021-08-25 00:00:00,2021-08-25,,/github/workspace/logsheets/filtered/water_sampling.csv,XSDDate,False
datatype mismatch,ws,samp_store_date,12,2021-08-25 00:00:00,2021-08-25,,/github/workspace/logsheets/filtered/water_sampling.csv,XSDDate,False
datatype mismatch,ws,samp_store_date,13,2021-08-25 00:00:00,2021-08-25,,/github/workspace/logsheets/filtered/water_sampling.csv,XSDDate,False
datatype mismatch,ws,samp_store_date,14,2021-08-25 00:00:00,2021-08-25,,/github/workspace/logsheets/filtered/water_sampling.csv,XSDDate,False
datatype mismatch,ws,samp_store_date,15,2021-08-25 00:00:00,2021-08-25,,/github/workspace/logsheets/filtered/water_sampling.csv,XSDDate,False
datatype mismatch,ws,samp_store_date,16,2021-10-20 00:00:00,2021-10-20,,/github/workspace/logsheets/filtered/water_sampling.csv,XSDDate,False
datatype mismatch,ws,samp_store_date,17,2021-10-20 00:00:00,2021-10-20,,/github/workspace/logsheets/filtered/water_sampling.csv,XSDDate,False
datatype mismatch,ws,samp_store_date,18,2021-10-20 00:00:00,2021-10-20,,/github/workspace/logsheets/filtered/water_sampling.csv,XSDDate,False
datatype mismatch,ws,samp_store_date,19,2021-10-20 00:00:00,2021-10-20,,/github/workspace/logsheets/filtered/water_sampling.csv,XSDDate,False
datatype mismatch,ws,samp_store_date,20,2021-10-20 00:00:00,2021-10-20,,/github/workspace/logsheets/filtered/water_sampling.csv,XSDDate,False
datatype mismatch,ws,samp_store_date,21,2021-10-20 00:00:00,2021-10-20,,/github/workspace/logsheets/filtered/water_sampling.csv,XSDDate,False
datatype mismatch,ws,samp_store_date,22,2021-10-20 00:00:00,2021-10-20,,/github/workspace/logsheets/filtered/water_sampling.csv,XSDDate,False
datatype mismatch,ws,samp_store_date,23,2021-10-20 00:00:00,2021-10-20,,/github/workspace/logsheets/filtered/water_sampling.csv,XSDDate,False
datatype mismatch,ws,samp_store_date,24,2021-10-20 00:00:00,2021-10-20,,/github/workspace/logsheets/filtered/water_sampling.csv,XSDDate,False
datatype mismatch,ws,samp_store_date,25,2021-10-20 00:00:00,2021-10-20,,/github/workspace/logsheets/filtered/water_sampling.csv,XSDDate,False
datatype mismatch,ws,samp_store_date,26,2021-10-20 00:00:00,2021-10-20,,/github/workspace/logsheets/filtered/water_sampling.csv,XSDDate,False
datatype mismatch,ws,samp_store_date,27,2021-10-20 00:00:00,2021-10-20,,/github/workspace/logsheets/filtered/water_sampling.csv,XSDDate,False
datatype mismatch,ws,samp_store_date,28,2021-10-20 00:00:00,2021-10-20,,/github/workspace/logsheets/filtered/water_sampling.csv,XSDDate,False
datatype mismatch,ws,samp_store_date,29,2021-10-20 00:00:00,2021-10-20,,/github/workspace/logsheets/filtered/water_sampling.csv,XSDDate,False
datatype mismatch,ws,samp_store_date,30,2021-10-20 00:00:00,2021-10-20,,/github/workspace/logsheets/filtered/water_sampling.csv,XSDDate,False
datatype mismatch,ws,samp_store_date,31,2021-12-16 00:00:00,2021-12-16,,/github/workspace/logsheets/filtered/water_sampling.csv,XSDDate,False
datatype mismatch,ws,samp_store_date,32,2021-12-16 00:00:00,2021-12-16,,/github/workspace/logsheets/filtered/water_sampling.csv,XSDDate,False
datatype mismatch,ws,samp_store_date,33,2021-12-16 00:00:00,2021-12-16,,/github/workspace/logsheets/filtered/water_sampling.csv,XSDDate,False
datatype mismatch,ws,samp_store_date,34,2021-12-16 00:00:00,2021-12-16,,/github/workspace/logsheets/filtered/water_sampling.csv,XSDDate,False
datatype mismatch,ws,samp_store_date,35,2021-12-16 00:00:00,2021-12-16,,/github/workspace/logsheets/filtered/water_sampling.csv,XSDDate,False
datatype mismatch,ws,samp_store_date,36,2021-12-16 00:00:00,2021-12-16,,/github/workspace/logsheets/filtered/water_sampling.csv,XSDDate,False
datatype mismatch,ws,samp_store_date,37,2021-12-16 00:00:00,2021-12-16,,/github/workspace/logsheets/filtered/water_sampling.csv,XSDDate,False
datatype mismatch,ws,samp_store_date,38,2021-12-16 00:00:00,2021-12-16,,/github/workspace/logsheets/filtered/water_sampling.csv,XSDDate,False
datatype mismatch,ws,samp_store_date,39,2021-12-16 00:00:00,2021-12-16,,/github/workspace/logsheets/filtered/water_sampling.csv,XSDDate,False
datatype mismatch,ws,samp_store_date,40,2021-12-16 00:00:00,2021-12-16,,/github/workspace/logsheets/filtered/water_sampling.csv,XSDDate,False
datatype mismatch,ws,samp_store_date,41,2021-12-16 00:00:00,2021-12-16,,/github/workspace/logsheets/filtered/water_sampling.csv,XSDDate,False
datatype mismatch,ws,samp_store_date,42,2021-12-16 00:00:00,2021-12-16,,/github/workspace/logsheets/filtered/water_sampling.csv,XSDDate,False
datatype mismatch,ws,samp_store_date,43,2021-12-16 00:00:00,2021-12-16,,/github/workspace/logsheets/filtered/water_sampling.csv,XSDDate,False
datatype mismatch,ws,samp_store_date,44,2021-12-16 00:00:00,2021-12-16,,/github/workspace/logsheets/filtered/water_sampling.csv,XSDDate,False
datatype mismatch,ws,samp_store_date,45,2021-12-16 00:00:00,2021-12-16,,/github/workspace/logsheets/filtered/water_sampling.csv,XSDDate,False
